symbol,minute,notional,short_notional,long_notional,n,price,baseline,is_cascade,direction
ADAUSDT,2026-08-24 13:33:00+00:00,5587.182199999999,0.0,5587.1822,4,0.22,5587.182199999999,False,NEUTRAL
ADAUSDT,2026-08-24 13:41:00+00:00,21.959999999999997,0.0,21.959999999999997,1,0.2196,21.959999999999997,False,NEUTRAL
ADAUSDT,2026-08-24 13:42:00+00:00,6269.1546,0.0,6269.1546,3,0.2188,6269.1546,False,NEUTRAL
ADAUSDT,2026-08-24 13:45:00+00:00,3057.1209999999996,0.0,3057.1209999999996,1,0.2186,3057.1209999999996,False,NEUTRAL
ADAUSDT,2026-08-24 13:53:00+00:00,444.2552,0.0,444.2552,1,0.2182,444.2552,False,NEUTRAL
ADAUSDT,2026-08-24 14:16:00+00:00,2044.3722,2044.3722,0.0,2,0.2253,2044.3722,False,NEUTRAL
ADAUSDT,2026-08-24 14:50:00+00:00,2972.9856,0.0,2972.9856,1,0.2216,2972.9856,False,NEUTRAL
ADAUSDT,2026-08-24 15:24:00+00:00,333.3528,333.3528,0.0,1,0.2277,333.3528,False,NEUTRAL
ADAUSDT,2026-08-24 15:25:00+00:00,10197.608,10197.608,0.0,2,0.2281,10197.608,False,NEUTRAL
ADAUSDT,2026-08-24 15:43:00+00:00,3809.8399000000004,0.0,3809.8399000000004,2,0.22025,3809.8399000000004,False,NEUTRAL
ADAUSDT,2026-08-24 16:00:00+00:00,6.0318,6.0318,0.0,1,0.2234,6.0318,False,NEUTRAL
ADAUSDT,2026-08-24 16:07:00+00:00,87.4861,87.4861,0.0,1,0.2249,87.4861,False,NEUTRAL
ADAUSDT,2026-08-24 16:40:00+00:00,53.9972,0.0,53.9972,1,0.2213,53.9972,False,NEUTRAL
ADAUSDT,2026-08-24 17:00:00+00:00,934.0763999999999,0.0,934.0763999999999,2,0.21944999999999998,934.0763999999999,False,NEUTRAL
ADAUSDT,2026-08-24 17:22:00+00:00,4053.6404,0.0,4053.6404,2,0.2174,4053.6404,False,NEUTRAL
ADAUSDT,2026-08-24 17:35:00+00:00,308.73920000000004,0.0,308.73920000000004,1,0.2156,2044.3722,False,NEUTRAL
ADAUSDT,2026-08-24 17:39:00+00:00,60.1419,60.1419,0.0,1,0.2203,1489.2242999999999,False,NEUTRAL
ARBUSDT,2026-08-24 13:30:00+00:00,0.0981,0.0,0.0981,1,0.0981,0.0981,False,NEUTRAL
ARBUSDT,2026-08-24 13:32:00+00:00,0.19563,0.0,0.19563,2,0.097815,0.19563,False,NEUTRAL
ARBUSDT,2026-08-24 13:33:00+00:00,108.747375,0.0,108.747375,3,0.09735,108.747375,False,NEUTRAL
ARBUSDT,2026-08-24 13:41:00+00:00,0.09722,0.0,0.09722,1,0.09722,0.09722,False,NEUTRAL
ARBUSDT,2026-08-24 13:46:00+00:00,1419.7100589999998,0.0,1419.7100589999998,1,0.09623,1419.7100589999998,False,NEUTRAL
ARBUSDT,2026-08-24 14:10:00+00:00,1796.599202,1796.599202,0.0,1,0.09979,1796.599202,False,NEUTRAL
ARBUSDT,2026-08-24 15:27:00+00:00,36.91324,36.91324,0.0,1,0.10141,36.91324,False,NEUTRAL
ARBUSDT,2026-08-24 15:38:00+00:00,0.147837,0.0,0.147837,2,0.098555,0.147837,False,NEUTRAL
ARBUSDT,2026-08-24 15:43:00+00:00,0.324028,0.0,0.324028,2,0.09819,0.324028,False,NEUTRAL
ARBUSDT,2026-08-24 15:46:00+00:00,25.902478,25.902478,0.0,1,0.09974,25.902478,False,NEUTRAL
ARBUSDT,2026-08-24 15:57:00+00:00,0.04891,0.0,0.04891,1,0.09782,0.04891,False,NEUTRAL
ARBUSDT,2026-08-24 17:02:00+00:00,0.058152,0.0,0.058152,1,0.09692,0.058152,False,NEUTRAL
ARBUSDT,2026-08-24 17:33:00+00:00,8.49524,0.0,8.49524,1,0.0961,8.49524,False,NEUTRAL
AVAXUSDT,2026-08-24 13:33:00+00:00,172.6744,0.0,172.6744,2,7.4425,172.6744,False,NEUTRAL
AVAXUSDT,2026-08-24 13:43:00+00:00,41.552,0.0,41.552,1,7.42,41.552,False,NEUTRAL
AVAXUSDT,2026-08-24 13:45:00+00:00,236.5965,236.5965,0.0,1,7.511,236.5965,False,NEUTRAL
AVAXUSDT,2026-08-24 13:46:00+00:00,325.468,0.0,325.468,1,7.397,325.468,False,NEUTRAL
AVAXUSDT,2026-08-24 14:26:00+00:00,91.1706,0.0,91.1706,1,7.473,91.1706,False,NEUTRAL
AVAXUSDT,2026-08-24 14:33:00+00:00,2196.7927,0.0,2196.7927,1,7.531,2196.7927,False,NEUTRAL
AVAXUSDT,2026-08-24 15:25:00+00:00,310.878,310.878,0.0,1,7.695,310.878,False,NEUTRAL
AVAXUSDT,2026-08-24 15:43:00+00:00,223.74169999999998,0.0,223.74169999999998,1,7.483,223.74169999999998,False,NEUTRAL
AVAXUSDT,2026-08-24 17:21:00+00:00,1013.6728,0.0,1013.6728,1,7.448,1013.6728,False,NEUTRAL
BNBUSDT,2026-08-24 13:33:00+00:00,27.8,0.0,27.8,1,695.0,27.8,False,NEUTRAL
BNBUSDT,2026-08-24 13:40:00+00:00,277.71999999999997,0.0,277.71999999999997,1,694.3,277.71999999999997,False,NEUTRAL
BNBUSDT,2026-08-24 14:11:00+00:00,1976.157,1976.157,0.0,1,708.3,1976.157,False,NEUTRAL
BNBUSDT,2026-08-24 15:18:00+00:00,21.471,21.471,0.0,1,715.7,21.471,False,NEUTRAL
BNBUSDT,2026-08-24 15:19:00+00:00,2686.875,2686.875,0.0,1,716.5,2686.875,False,NEUTRAL
BNBUSDT,2026-08-24 15:43:00+00:00,140.56,0.0,140.56,1,702.8,140.56,False,NEUTRAL
BNBUSDT,2026-08-24 15:57:00+00:00,265.924,0.0,265.924,1,699.8,265.924,False,NEUTRAL
BNBUSDT,2026-08-24 16:54:00+00:00,182.078,0.0,182.078,1,700.3,182.078,False,NEUTRAL
BNBUSDT,2026-08-24 17:02:00+00:00,1393.0,0.0,1393.0,1,696.5,1393.0,False,NEUTRAL
BNBUSDT,2026-08-24 17:21:00+00:00,911.629,0.0,911.629,1,695.9,911.629,False,NEUTRAL
BNBUSDT,2026-08-24 17:22:00+00:00,9914.978,0.0,9914.978,1,695.3,9914.978,False,NEUTRAL
BNBUSDT,2026-08-24 17:24:00+00:00,569.4079999999999,0.0,569.4079999999999,1,694.4,569.4079999999999,False,NEUTRAL
BTCUSDT,2026-08-24 13:29:00+00:00,13548.2787,13548.2787,0.0,1,79229.7,13548.2787,False,NEUTRAL
BTCUSDT,2026-08-24 13:30:00+00:00,7131.96,7131.96,0.0,1,79244.0,7131.96,False,NEUTRAL
BTCUSDT,2026-08-24 13:32:00+00:00,557792.7409,0.0,557792.7409,24,78498.45,557792.7409,False,NEUTRAL
BTCUSDT,2026-08-24 13:33:00+00:00,59800.008,0.0,59800.008,16,78328.4,59800.008,False,NEUTRAL
BTCUSDT,2026-08-24 13:38:00+00:00,290268.59550000005,0.0,290268.59550000005,1,78345.1,290268.59550000005,False,NEUTRAL
BTCUSDT,2026-08-24 13:40:00+00:00,56062.6136,0.0,56062.6136,17,78198.6,56062.6136,False,NEUTRAL
BTCUSDT,2026-08-24 13:41:00+00:00,4218.263199999999,0.0,4218.263199999999,9,78125.2,4218.263199999999,False,NEUTRAL
BTCUSDT,2026-08-24 13:42:00+00:00,203601.4731,0.0,203601.4731,13,77999.4,203601.4731,False,NEUTRAL
BTCUSDT,2026-08-24 13:43:00+00:00,11770.347900000002,0.0,11770.347900000002,3,77949.6,11770.347900000002,False,NEUTRAL
BTCUSDT,2026-08-24 13:44:00+00:00,8415.4756,0.0,8415.4756,2,77916.29999999999,8415.4756,False,NEUTRAL
BTCUSDT,2026-08-24 13:45:00+00:00,86934.9794,0.0,86934.97940000001,10,77826.20000000001,86934.9794,False,NEUTRAL
BTCUSDT,2026-08-24 13:46:00+00:00,143829.1444,0.0,143829.1444,18,77630.85,143829.1444,False,NEUTRAL
BTCUSDT,2026-08-24 13:47:00+00:00,1019.8565,1019.8565,0.0,1,78450.5,1019.8565,False,NEUTRAL
BTCUSDT,2026-08-24 13:49:00+00:00,1964.0925,1964.0925,0.0,1,78563.7,1964.0925,False,NEUTRAL
BTCUSDT,2026-08-24 13:50:00+00:00,2122.441,2122.441,0.0,2,78551.75,2122.441,False,NEUTRAL
BTCUSDT,2026-08-24 13:51:00+00:00,78.623,78.623,0.0,1,78623.0,13548.2787,False,NEUTRAL
BTCUSDT,2026-08-24 13:53:00+00:00,24735.5033,0.0,24735.5033,5,77788.0,12659.313300000002,False,NEUTRAL
BTCUSDT,2026-08-24 13:55:00+00:00,6686.978000000001,6686.978000000001,0.0,2,78670.55,13548.2787,False,NEUTRAL
BTCUSDT,2026-08-24 13:56:00+00:00,157.38139999999999,157.38139999999999,0.0,1,78690.7,12659.313300000002,False,NEUTRAL
BTCUSDT,2026-08-24 14:00:00+00:00,630.9661,630.9661,0.0,2,78882.35,11770.347900000002,False,NEUTRAL
BTCUSDT,2026-08-24 14:01:00+00:00,12089.7548,12089.7548,0.0,10,79052.0,10092.911750000001,False,NEUTRAL
BTCUSDT,2026-08-24 14:06:00+00:00,1581.7020000000002,1581.7020000000002,0.0,1,79085.1,11770.347900000002,False,NEUTRAL
BTCUSDT,2026-08-24 14:08:00+00:00,3797.5169000000005,3797.5169000000005,0.0,3,79137.2,10092.911750000001,False,NEUTRAL
BTCUSDT,2026-08-24 14:09:00+00:00,11004.4106,11004.410600000001,0.0,5,79165.3,8415.4756,False,NEUTRAL
BTCUSDT,2026-08-24 14:10:00+00:00,13872.0869,13872.0869,0.0,4,79306.8,9709.9431,False,NEUTRAL
BTCUSDT,2026-08-24 14:11:00+00:00,10873.6813,10873.6813,0.0,7,79366.2,11004.4106,False,NEUTRAL
BTCUSDT,2026-08-24 14:12:00+00:00,2541.2778000000003,2541.2778,0.0,3,79414.0,10939.04595,False,NEUTRAL
BTCUSDT,2026-08-24 14:14:00+00:00,1588.866,1588.866,0.0,1,79443.3,10873.6813,False,NEUTRAL
BTCUSDT,2026-08-24 14:15:00+00:00,4292.0824,4292.0824,0.0,4,79489.55,9644.57845,False,NEUTRAL
BTCUSDT,2026-08-24 14:16:00+00:00,50162.2284,50162.2284,0.0,1,79496.4,8415.4756,False,NEUTRAL
BTCUSDT,2026-08-24 14:17:00+00:00,5570.887900000001,5570.8879,0.0,6,79584.0,9644.57845,False,NEUTRAL
BTCUSDT,2026-08-24 14:22:00+00:00,1830.3534000000002,1830.3534000000002,0.0,2,79548.9,7773.7178,False,NEUTRAL
BTCUSDT,2026-08-24 14:28:00+00:00,1433.3994,1433.3994,0.0,1,79633.3,7551.2268,False,NEUTRAL
BTCUSDT,2026-08-24 14:29:00+00:00,102263.40639999998,102263.40639999998,0.0,2,79642.79999999999,7551.2268,False,NEUTRAL
BTCUSDT,2026-08-24 14:30:00+00:00,2948.0539,2948.0539,0.0,4,79678.05,7551.2268,False,NEUTRAL
BTCUSDT,2026-08-24 14:31:00+00:00,5582.9194,5582.9194,0.0,2,79755.9,6128.93295,False,NEUTRAL
BTCUSDT,2026-08-24 14:32:00+00:00,24018.5343,24018.5343,0.0,8,79817.9,5576.90365,False,NEUTRAL
BTCUSDT,2026-08-24 14:43:00+00:00,23213.217999999997,0.0,23213.217999999997,1,79226.0,10939.04595,False,NEUTRAL
BTCUSDT,2026-08-24 14:44:00+00:00,1980.075,0.0,1980.075,1,79203.0,11547.082699999999,False,NEUTRAL
BTCUSDT,2026-08-24 14:50:00+00:00,22870.641000000003,0.0,22870.641,12,79132.4,10939.04595,False,NEUTRAL
BTCUSDT,2026-08-24 14:52:00+00:00,33670.726,0.0,33670.726,3,79037.6,11547.082699999999,False,NEUTRAL
BTCUSDT,2026-08-24 14:53:00+00:00,158.02700000000002,0.0,158.02700000000002,1,79013.5,12980.92085,False,NEUTRAL
BTCUSDT,2026-08-24 14:55:00+00:00,3712.3699000000006,0.0,3712.3699000000006,2,78987.45,12980.92085,False,NEUTRAL
BTCUSDT,2026-08-24 15:03:00+00:00,5907.4998,5907.4998,0.0,2,79840.2,12438.248749999999,False,NEUTRAL
BTCUSDT,2026-08-24 15:07:00+00:00,9909.040500000001,9909.040500000001,0.0,3,79913.5,12438.248749999999,False,NEUTRAL
BTCUSDT,2026-08-24 15:17:00+00:00,2959.1808,2959.1808,0.0,2,79982.54999999999,12438.248749999999,False,NEUTRAL
BTCUSDT,2026-08-24 15:19:00+00:00,2640.7838,2640.7838,0.0,4,80024.65,12372.8841,False,NEUTRAL
BTCUSDT,2026-08-24 15:24:00+00:00,1281.8379,1281.8379,0.0,2,80121.15,23041.9295,False,NEUTRAL
BTCUSDT,2026-08-24 15:25:00+00:00,115017.7704,115017.7704,0.0,10,80157.6,23041.9295,False,NEUTRAL
BTCUSDT,2026-08-24 15:32:00+00:00,78301.02590000001,78301.02590000001,0.0,17,80226.8,28844.63015,False,NEUTRAL
BTCUSDT,2026-08-24 15:39:00+00:00,16874.6748,0.0,16874.6748,3,79224.0,35766.61855,False,NEUTRAL
BTCUSDT,2026-08-24 15:44:00+00:00,44028.3207,0.0,44028.320700000004,10,78756.15,28844.63015,False,NEUTRAL
BTCUSDT,2026-08-24 15:47:00+00:00,159.447,159.447,0.0,1,79723.5,28844.63015,False,NEUTRAL
BTCUSDT,2026-08-24 15:49:00+00:00,552.846,0.0,552.846,1,78978.0,28844.63015,False,NEUTRAL
BTCUSDT,2026-08-24 15:52:00+00:00,1261.5688,0.0,1261.5688,2,78849.3,23615.876149999996,False,NEUTRAL
BTCUSDT,2026-08-24 15:53:00+00:00,551.8884,0.0,551.8884,1,78841.2,23615.876149999996,False,NEUTRAL
BTCUSDT,2026-08-24 16:00:00+00:00,317.54240000000004,317.54240000000004,0.0,1,79385.6,28441.972,False,NEUTRAL
BTCUSDT,2026-08-24 16:02:00+00:00,11768.279199999999,11768.279199999999,0.0,1,79515.4,23041.9295,False,NEUTRAL
BTCUSDT,2026-08-24 16:06:00+00:00,318.656,318.656,0.0,2,79664.0,19872.657900000002,False,NEUTRAL
BTCUSDT,2026-08-24 16:15:00+00:00,18990.7754,18990.7754,0.0,4,79795.3,14321.476999999999,False,NEUTRAL
BTCUSDT,2026-08-24 16:17:00+00:00,9665.342799999999,9665.342799999999,0.0,4,79941.25,14321.476999999999,False,NEUTRAL
BTCUSDT,2026-08-24 16:18:00+00:00,26570.1896,26570.189600000005,0.0,14,80021.45000000001,10838.65985,False,NEUTRAL
BTCUSDT,2026-08-24 16:40:00+00:00,58893.206699999995,0.0,58893.2067,14,79159.35,14321.476999999999,False,NEUTRAL
BTCUSDT,2026-08-24 16:50:00+00:00,78.96039999999999,0.0,78.96039999999999,1,78960.4,14321.476999999999,False,NEUTRAL
BTCUSDT,2026-08-24 16:51:00+00:00,24769.283900000002,0.0,24769.2839,5,78887.4,10838.65985,False,NEUTRAL
BTCUSDT,2026-08-24 16:52:00+00:00,1103.6648,0.0,1103.6648,1,78833.2,14321.476999999999,False,NEUTRAL
BTCUSDT,2026-08-24 16:53:00+00:00,78.8162,0.0,78.8162,1,78816.2,14321.476999999999,False,NEUTRAL
BTCUSDT,2026-08-24 16:54:00+00:00,11651.1741,79.0309,11572.143199999999,9,78711.8,14321.476999999999,False,NEUTRAL
BTCUSDT,2026-08-24 17:00:00+00:00,17444.2425,0.0,17444.2425,5,78577.6,14321.476999999999,False,NEUTRAL
BTCUSDT,2026-08-24 17:01:00+00:00,4870.162,79.06869999999999,4791.0933,7,78540.1,17159.45865,False,NEUTRAL
BTCUSDT,2026-08-24 17:04:00+00:00,79.0931,79.0931,0.0,1,79093.1,17159.45865,False,NEUTRAL
BTCUSDT,2026-08-24 17:08:00+00:00,475.56419999999997,475.56419999999997,0.0,1,79260.7,14321.476999999999,False,NEUTRAL
BTCUSDT,2026-08-24 17:09:00+00:00,1348.4281,1348.4281,0.0,1,79319.3,14321.476999999999,False,NEUTRAL
BTCUSDT,2026-08-24 17:15:00+00:00,15958.9168,0.0,15958.9168,2,78610.65,11709.72665,False,NEUTRAL
BTCUSDT,2026-08-24 17:16:00+00:00,1884.979,0.0,1884.9790000000003,3,78509.0,11709.72665,False,NEUTRAL
BTCUSDT,2026-08-24 17:20:00+00:00,5657.6738,0.0,5657.6738,3,78544.1,10658.25845,False,NEUTRAL
BTCUSDT,2026-08-24 17:21:00+00:00,78.44980000000001,0.0,78.44980000000001,1,78449.8,7661.5082999999995,False,NEUTRAL
BTCUSDT,2026-08-24 17:23:00+00:00,2502.8448,0.0,2502.8448,1,78213.9,5263.9179,False,NEUTRAL
BTCUSDT,2026-08-24 17:25:00+00:00,10163.634,0.0,10163.634,1,78181.8,3686.5034,False,NEUTRAL
BTCUSDT,2026-08-24 17:27:00+00:00,1737.5116,1737.5116,0.0,1,78977.8,3686.5034,False,NEUTRAL
BTCUSDT,2026-08-24 17:28:00+00:00,78.86880000000001,78.86880000000001,0.0,1,78868.8,3686.5034,False,NEUTRAL
BTCUSDT,2026-08-24 17:32:00+00:00,313.628,0.0,313.628,1,78407.0,5263.9179,False,NEUTRAL
BTCUSDT,2026-08-24 17:33:00+00:00,4300.6324,0.0,4300.6324,2,78197.35,5263.9179,False,NEUTRAL
BTCUSDT,2026-08-24 17:45:00+00:00,939.2496000000001,0.0,939.2496000000001,1,78270.8,4585.3972,False,NEUTRAL
BTCUSDT,2026-08-24 17:53:00+00:00,941.6664,0.0,941.6664,1,78472.2,4585.3972,False,NEUTRAL
BTCUSDT,2026-08-24 18:02:00+00:00,2768.9795000000004,2768.9795000000004,0.0,1,79113.7,3401.7386,False,NEUTRAL
DOGEUSDT,2026-08-24 13:17:00+00:00,29.53706,0.0,29.53706,1,0.09173,29.53706,False,NEUTRAL
DOGEUSDT,2026-08-24 13:30:00+00:00,4660.40097,0.0,4660.40097,6,0.091455,4660.40097,False,NEUTRAL
DOGEUSDT,2026-08-24 13:32:00+00:00,306.27829999999994,0.0,306.27829999999994,5,0.09115,306.27829999999994,False,NEUTRAL
DOGEUSDT,2026-08-24 13:33:00+00:00,70.55937,0.0,70.55937,1,0.09081,70.55937,False,NEUTRAL
DOGEUSDT,2026-08-24 13:40:00+00:00,3975.40668,0.0,3975.40668,1,0.09049,3975.40668,False,NEUTRAL
DOGEUSDT,2026-08-24 13:42:00+00:00,293.60931,0.0,293.60931,2,0.090115,293.60931,False,NEUTRAL
DOGEUSDT,2026-08-24 13:43:00+00:00,5498.10285,0.0,5498.10285,3,0.08999,5498.10285,False,NEUTRAL
DOGEUSDT,2026-08-24 13:46:00+00:00,668.63545,0.0,668.63545,1,0.08981,668.63545,False,NEUTRAL
DOGEUSDT,2026-08-24 13:53:00+00:00,113.8293,0.0,113.8293,1,0.0897,113.8293,False,NEUTRAL
DOGEUSDT,2026-08-24 14:10:00+00:00,8.92691,8.92691,0.0,1,0.09203,8.92691,False,NEUTRAL
DOGEUSDT,2026-08-24 14:24:00+00:00,477.03952,0.0,477.03952,1,0.09028,477.03952,False,NEUTRAL
DOGEUSDT,2026-08-24 14:25:00+00:00,752.5045,0.0,752.5045,1,0.09025,752.5045,False,NEUTRAL
DOGEUSDT,2026-08-24 14:28:00+00:00,2542.78008,2542.78008,0.0,1,0.09224,2542.78008,False,NEUTRAL
DOGEUSDT,2026-08-24 14:30:00+00:00,69.98292,69.98292,0.0,1,0.09257,69.98292,False,NEUTRAL
DOGEUSDT,2026-08-24 14:32:00+00:00,44.20359,44.20359,0.0,1,0.09267,44.20359,False,NEUTRAL
DOGEUSDT,2026-08-24 15:22:00+00:00,5.29872,5.29872,0.0,1,0.09296,306.27829999999994,False,NEUTRAL
DOGEUSDT,2026-08-24 15:25:00+00:00,65.359,65.359,0.0,1,0.09337,299.943805,False,NEUTRAL
DOGEUSDT,2026-08-24 15:34:00+00:00,0.09139,0.0,0.09139,1,0.09139,293.60931,False,NEUTRAL
DOGEUSDT,2026-08-24 16:07:00+00:00,179.07708,179.07708,0.0,1,0.09269,293.60931,False,NEUTRAL
DOGEUSDT,2026-08-24 16:18:00+00:00,72.9015,72.9015,0.0,1,0.09275,236.34319499999998,False,NEUTRAL
DOGEUSDT,2026-08-24 16:46:00+00:00,1189.06547,0.0,1189.06547,2,0.090805,179.07708,False,NEUTRAL
DOGEUSDT,2026-08-24 16:49:00+00:00,26.580959999999997,0.0,26.580959999999997,1,0.09072,236.34319499999998,False,NEUTRAL
DOGEUSDT,2026-08-24 16:54:00+00:00,78.77362000000001,0.0,78.77362000000001,1,0.09013,179.07708,False,NEUTRAL
DOGEUSDT,2026-08-24 17:00:00+00:00,827.67368,0.0,827.67368,2,0.08993000000000001,146.45319,False,NEUTRAL
DOGEUSDT,2026-08-24 17:01:00+00:00,101.18205999999999,0.0,101.18205999999999,1,0.08978,179.07708,False,NEUTRAL
DOGEUSDT,2026-08-24 17:31:00+00:00,8.907,8.907,0.0,1,0.08907,391.65891,False,NEUTRAL
DOGEUSDT,2026-08-24 17:45:00+00:00,59.13002,0.0,59.13002,1,0.08773,299.943805,False,NEUTRAL
DOGEUSDT,2026-08-24 18:05:00+00:00,40.716159999999995,40.716159999999995,0.0,1,0.09008,236.34319499999998,False,NEUTRAL
DOTUSDT,2026-08-24 13:30:00+00:00,0.0908,0.0,0.0908,1,0.908,0.0908,False,NEUTRAL
DOTUSDT,2026-08-24 13:32:00+00:00,0.54279,0.0,0.54279,2,0.90465,0.54279,False,NEUTRAL
DOTUSDT,2026-08-24 13:33:00+00:00,9925.01657,0.0,9925.01657,4,0.90175,9925.01657,False,NEUTRAL
DOTUSDT,2026-08-24 13:46:00+00:00,1406.0032,0.0,1406.0032,1,0.896,1406.0032,False,NEUTRAL
DOTUSDT,2026-08-24 15:37:00+00:00,0.09102,0.0,0.09102,1,0.9102,0.09102,False,NEUTRAL
DOTUSDT,2026-08-24 15:43:00+00:00,2835.62115,0.0,2835.62115,2,0.90325,2835.62115,False,NEUTRAL
DOTUSDT,2026-08-24 17:21:00+00:00,892.1948400000001,0.0,892.1948400000001,1,0.8947,892.1948400000001,False,NEUTRAL
DOTUSDT,2026-08-24 17:22:00+00:00,4461.6056,0.0,4461.6056,1,0.892,4461.6056,False,NEUTRAL
DOTUSDT,2026-08-24 17:31:00+00:00,162.71028,0.0,162.71028,1,0.8901,162.71028,False,NEUTRAL
DOTUSDT,2026-08-24 17:34:00+00:00,295.4468,0.0,295.4468,1,0.8899,295.4468,False,NEUTRAL
ETHUSDT,2026-08-24 13:26:00+00:00,898.9919999999998,0.0,898.9919999999998,1,2497.2,898.9919999999998,False,NEUTRAL
ETHUSDT,2026-08-24 13:30:00+00:00,3610.1407999999997,2837.6220999999996,772.5187,4,2492.76,3610.1407999999997,False,NEUTRAL
ETHUSDT,2026-08-24 13:32:00+00:00,266066.437,0.0,266066.437,7,2486.31,266066.437,False,NEUTRAL
ETHUSDT,2026-08-24 13:33:00+00:00,34898.12100000001,0.0,34898.121,13,2479.47,34898.12100000001,False,NEUTRAL
ETHUSDT,2026-08-24 13:36:00+00:00,25.0312,25.0312,0.0,1,2503.12,25.0312,False,NEUTRAL
ETHUSDT,2026-08-24 13:39:00+00:00,74.4813,0.0,74.4813,1,2482.71,74.4813,False,NEUTRAL
ETHUSDT,2026-08-24 13:40:00+00:00,49.640600000000006,0.0,49.640600000000006,1,2482.03,49.640600000000006,False,NEUTRAL
ETHUSDT,2026-08-24 13:41:00+00:00,2353.435,0.0,2353.435,1,2477.3,2353.435,False,NEUTRAL
ETHUSDT,2026-08-24 13:42:00+00:00,13677.579300000001,0.0,13677.579300000001,2,2478.465,13677.579300000001,False,NEUTRAL
ETHUSDT,2026-08-24 13:43:00+00:00,198.0048,0.0,198.0048,2,2475.06,198.0048,False,NEUTRAL
ETHUSDT,2026-08-24 13:45:00+00:00,37662.279899999994,0.0,37662.279899999994,5,2471.71,37662.279899999994,False,NEUTRAL
ETHUSDT,2026-08-24 13:46:00+00:00,135268.9533,0.0,135268.9533,7,2469.35,135268.9533,False,NEUTRAL
ETHUSDT,2026-08-24 13:49:00+00:00,30909.250200000002,30909.250200000002,0.0,2,2500.585,30909.250200000002,False,NEUTRAL
ETHUSDT,2026-08-24 13:53:00+00:00,2597.7552,0.0,2597.7552,5,2474.52,2597.7552,False,NEUTRAL
ETHUSDT,2026-08-24 13:54:00+00:00,2271.6785,2271.6785,0.0,1,2496.35,2271.6785,False,NEUTRAL
ETHUSDT,2026-08-24 14:00:00+00:00,1626.924,1626.924,0.0,1,2502.96,2597.7552,False,NEUTRAL
ETHUSDT,2026-08-24 14:01:00+00:00,375.85949999999997,375.85949999999997,0.0,1,2505.73,2475.5951,False,NEUTRAL
ETHUSDT,2026-08-24 14:06:00+00:00,124.3965,0.0,124.3965,1,2487.93,2353.435,False,NEUTRAL
ETHUSDT,2026-08-24 14:09:00+00:00,527.1744,527.1744,0.0,2,2510.465,2312.5567499999997,False,NEUTRAL
ETHUSDT,2026-08-24 14:10:00+00:00,8824.9473,8824.9473,0.0,1,2514.23,2271.6785,False,NEUTRAL
ETHUSDT,2026-08-24 14:12:00+00:00,3647.9361,3647.9361,0.0,2,2515.875,2353.435,False,NEUTRAL
ETHUSDT,2026-08-24 14:17:00+00:00,302.616,302.616,0.0,1,2521.8,2475.5951,False,NEUTRAL
ETHUSDT,2026-08-24 14:22:00+00:00,75.6681,75.6681,0.0,1,2522.27,2353.435,False,NEUTRAL
ETHUSDT,2026-08-24 14:24:00+00:00,7012.976000000001,0.0,7012.9760000000015,4,2494.27,2353.435,False,NEUTRAL
ETHUSDT,2026-08-24 14:26:00+00:00,428.58020000000005,428.58020000000005,0.0,1,2521.06,2475.5951,False,NEUTRAL
ETHUSDT,2026-08-24 14:29:00+00:00,126242.5,126242.5,0.0,1,2524.85,2353.435,False,NEUTRAL
ETHUSDT,2026-08-24 14:30:00+00:00,4246.3203,4246.3203,0.0,4,2527.755,2475.5951,False,NEUTRAL
ETHUSDT,2026-08-24 14:31:00+00:00,2529.18,2529.18,0.0,1,2529.18,2597.7552,False,NEUTRAL
ETHUSDT,2026-08-24 14:32:00+00:00,3492.3825999999995,3492.3825999999995,0.0,3,2530.64,2563.4676,False,NEUTRAL
ETHUSDT,2026-08-24 14:38:00+00:00,10156.0,10156.0,0.0,1,2539.0,3045.0688999999998,False,NEUTRAL
ETHUSDT,2026-08-24 14:42:00+00:00,50.735,50.735,0.0,1,2536.75,3045.0688999999998,False,NEUTRAL
ETHUSDT,2026-08-24 14:43:00+00:00,3838.5966,0.0,3838.5966,2,2508.915,3045.0688999999998,False,NEUTRAL
ETHUSDT,2026-08-24 14:48:00+00:00,2558.7312,0.0,2558.7312,1,2508.56,3570.15935,False,NEUTRAL
ETHUSDT,2026-08-24 14:50:00+00:00,2376.0949,0.0,2376.0949000000005,6,2501.8500000000004,3570.15935,False,NEUTRAL
ETHUSDT,2026-08-24 15:03:00+00:00,1590.8926999999999,1590.8926999999999,0.0,2,2525.225,3570.15935,False,NEUTRAL
ETHUSDT,2026-08-24 15:07:00+00:00,960.2296,960.2296,0.0,1,2526.92,3045.0688999999998,False,NEUTRAL
ETHUSDT,2026-08-24 15:22:00+00:00,8754.8275,8754.8275,0.0,3,2531.96,3045.0688999999998,False,NEUTRAL
ETHUSDT,2026-08-24 15:25:00+00:00,6268.613,6268.613,0.0,1,2537.9,3045.0688999999998,False,NEUTRAL
ETHUSDT,2026-08-24 15:26:00+00:00,177.4801,177.4801,0.0,1,2535.43,3570.15935,False,NEUTRAL
ETHUSDT,2026-08-24 15:27:00+00:00,5357.6956,5357.6956,0.0,3,2539.1,3570.15935,False,NEUTRAL
ETHUSDT,2026-08-24 15:29:00+00:00,62268.5136,0.0,62268.5136,1,2511.84,3743.26635,False,NEUTRAL
ETHUSDT,2026-08-24 15:34:00+00:00,325.6539,0.0,325.6539,1,2505.03,4042.45845,False,NEUTRAL
ETHUSDT,2026-08-24 15:37:00+00:00,3856.6705999999995,0.0,3856.6705999999995,2,2504.37,4042.45845,False,NEUTRAL
ETHUSDT,2026-08-24 15:38:00+00:00,50601.276000000005,0.0,50601.276000000005,2,2500.065,4051.49545,False,NEUTRAL
ETHUSDT,2026-08-24 15:46:00+00:00,10156.185,10156.185,0.0,1,2507.7,4051.49545,False,NEUTRAL
ETHUSDT,2026-08-24 15:57:00+00:00,444.852,0.0,444.852,1,2471.4,6640.7945,False,NEUTRAL
ETHUSDT,2026-08-24 16:00:00+00:00,924.2674,924.2674,0.0,1,2498.02,5813.1543,False,NEUTRAL
ETHUSDT,2026-08-24 16:05:00+00:00,17582.715599999996,17582.715599999996,0.0,2,2504.7799999999997,5813.1543,False,NEUTRAL
ETHUSDT,2026-08-24 16:07:00+00:00,114065.58400000002,114065.58400000002,0.0,2,2510.455,5813.1543,False,NEUTRAL
ETHUSDT,2026-08-24 16:18:00+00:00,50.2312,50.2312,0.0,1,2511.56,7511.72025,False,NEUTRAL
ETHUSDT,2026-08-24 16:33:00+00:00,7113.620800000001,0.0,7113.620800000001,1,2487.28,7511.72025,False,NEUTRAL
ETHUSDT,2026-08-24 16:40:00+00:00,2358.3109999999997,0.0,2358.3109999999997,4,2482.0,7934.22415,False,NEUTRAL
ETHUSDT,2026-08-24 16:45:00+00:00,1214.3375999999998,0.0,1214.3375999999998,1,2478.24,6691.116900000001,False,NEUTRAL
ETHUSDT,2026-08-24 16:46:00+00:00,1635.0708000000002,0.0,1635.0708000000002,1,2477.38,5813.1543,False,NEUTRAL
ETHUSDT,2026-08-24 16:51:00+00:00,4033.3350000000005,0.0,4033.3350000000005,2,2474.385,4607.1831,False,NEUTRAL
ETHUSDT,2026-08-24 17:00:00+00:00,2707.3758000000003,0.0,2707.3758000000003,5,2461.19,6691.116900000001,False,NEUTRAL
ETHUSDT,2026-08-24 17:01:00+00:00,18515.519900000003,0.0,18515.5199,6,2459.41,6691.116900000001,False,NEUTRAL
ETHUSDT,2026-08-24 17:06:00+00:00,397.472,397.472,0.0,1,2484.2,9455.506249999999,False,NEUTRAL
ETHUSDT,2026-08-24 17:15:00+00:00,29585.3805,0.0,29585.3805,3,2463.96,8634.902900000001,False,NEUTRAL
ETHUSDT,2026-08-24 17:16:00+00:00,8473.4927,0.0,8473.4927,3,2455.98,8634.902900000001,False,NEUTRAL
ETHUSDT,2026-08-24 17:24:00+00:00,1565.3632,0.0,1565.3632,1,2445.88,18049.117749999998,False,NEUTRAL
ETHUSDT,2026-08-24 17:29:00+00:00,6489.1875,0.0,6489.1875,1,2448.75,13869.450299999997,False,NEUTRAL
ETHUSDT,2026-08-24 17:30:00+00:00,1273.3500000000001,0.0,1273.3500000000001,1,2448.75,13869.450299999997,False,NEUTRAL
ETHUSDT,2026-08-24 17:31:00+00:00,7172.3177,0.0,7172.3177,1,2447.89,13869.450299999997,False,NEUTRAL
ETHUSDT,2026-08-24 17:33:00+00:00,122.456,0.0,122.456,1,2449.12,9314.83885,False,NEUTRAL
ETHUSDT,2026-08-24 17:39:00+00:00,109204.9806,109204.9806,0.0,1,2474.62,7822.9052,False,NEUTRAL
ETHUSDT,2026-08-24 17:45:00+00:00,832.8198,0.0,832.8198,1,2449.47,7822.9052,False,NEUTRAL
ETHUSDT,2026-08-24 17:50:00+00:00,3588.402,3588.402,0.0,1,2474.76,7142.96925,False,NEUTRAL
ETHUSDT,2026-08-24 18:00:00+00:00,272.7956,272.7956,0.0,1,2479.96,6801.40415,False,NEUTRAL
ETHUSDT,2026-08-24 18:02:00+00:00,620.4125,620.4125,0.0,2,2481.125,5261.2612500000005,False,NEUTRAL
ETHUSDT,2026-08-24 18:05:00+00:00,74.48969999999998,74.48969999999998,0.0,1,2482.99,5261.2612500000005,False,NEUTRAL
ETHUSDT,2026-08-24 18:06:00+00:00,18321.7636,18321.7636,0.0,4,2485.64,5261.2612500000005,False,NEUTRAL
LINKUSDT,2026-08-24 13:32:00+00:00,1516.8816000000002,0.0,1516.8816000000002,1,11.544,1516.8816000000002,False,NEUTRAL
LINKUSDT,2026-08-24 13:33:00+00:00,96.5307,0.0,96.5307,2,11.4895,96.5307,False,NEUTRAL
LINKUSDT,2026-08-24 13:43:00+00:00,679.8924,0.0,679.8924,1,11.446,679.8924,False,NEUTRAL
LINKUSDT,2026-08-24 13:46:00+00:00,19680.086,0.0,19680.086,1,11.42,19680.086,False,NEUTRAL
LINKUSDT,2026-08-24 14:23:00+00:00,1013.0406,1013.0406,0.0,1,11.807,1013.0406,False,NEUTRAL
LINKUSDT,2026-08-24 15:05:00+00:00,340.3344,0.0,340.3344,1,11.576,340.3344,False,NEUTRAL
LINKUSDT,2026-08-24 15:27:00+00:00,1134.2093,1134.2093,0.0,1,11.827,1134.2093,False,NEUTRAL
LINKUSDT,2026-08-24 15:43:00+00:00,161.35,0.0,161.35,1,11.525,161.35,False,NEUTRAL
LINKUSDT,2026-08-24 16:54:00+00:00,4916.916,0.0,4916.916,1,11.448,4916.916,False,NEUTRAL
LINKUSDT,2026-08-24 17:02:00+00:00,4840.905,0.0,4840.905,3,11.385,4840.905,False,NEUTRAL
LINKUSDT,2026-08-24 17:21:00+00:00,113.85999999999999,0.0,113.85999999999999,1,11.386,113.85999999999999,False,NEUTRAL
LINKUSDT,2026-08-24 17:23:00+00:00,2822.9937,0.0,2822.9937,2,11.351,2822.9937,False,NEUTRAL
LINKUSDT,2026-08-24 17:24:00+00:00,72.608,0.0,72.608,1,11.345,72.608,False,NEUTRAL
NEARUSDT,2026-08-24 13:23:00+00:00,9.93,0.0,9.93,1,1.986,9.93,False,NEUTRAL
NEARUSDT,2026-08-24 13:30:00+00:00,1019.524,0.0,1019.524,1,1.972,1019.524,False,NEUTRAL
NEARUSDT,2026-08-24 13:33:00+00:00,15471.2871,0.0,15471.2871,4,1.962,15471.2871,False,NEUTRAL
NEARUSDT,2026-08-24 13:41:00+00:00,5458.5576,0.0,5458.5576,1,1.944,5458.5576,False,NEUTRAL
NEARUSDT,2026-08-24 13:42:00+00:00,1672.5994999999998,0.0,1672.5994999999998,2,1.937,1672.5994999999998,False,NEUTRAL
NEARUSDT,2026-08-24 13:45:00+00:00,35.1806,0.0,35.1806,1,1.933,35.1806,False,NEUTRAL
NEARUSDT,2026-08-24 15:55:00+00:00,8647.0656,0.0,8647.0656,1,1.984,8647.0656,False,NEUTRAL
NEARUSDT,2026-08-24 16:54:00+00:00,5835.8923,0.0,5835.8923,1,1.967,5835.8923,False,NEUTRAL
NEARUSDT,2026-08-24 17:00:00+00:00,2183.2228,29.88,2153.3428,4,1.9615,2183.2228,False,NEUTRAL
NEARUSDT,2026-08-24 17:01:00+00:00,56.5573,0.0,56.5573,1,1.957,56.5573,False,NEUTRAL
NEARUSDT,2026-08-24 17:22:00+00:00,1163.4,0.0,1163.4,1,1.939,1163.4,False,NEUTRAL
NEARUSDT,2026-08-24 17:29:00+00:00,1158.6000000000001,0.0,1158.6000000000001,1,1.931,1158.6000000000001,False,NEUTRAL
OPUSDT,2026-08-24 13:29:00+00:00,0.40196800000000005,0.0,0.40196800000000005,1,0.10864,0.40196800000000005,False,NEUTRAL
OPUSDT,2026-08-24 13:30:00+00:00,329.96105700000004,0.0,329.96105700000004,6,0.108485,329.96105700000004,False,NEUTRAL
OPUSDT,2026-08-24 13:46:00+00:00,213.858052,0.0,213.858052,1,0.10636,213.858052,False,NEUTRAL
OPUSDT,2026-08-24 14:21:00+00:00,672.015729,672.015729,0.0,1,0.10923,672.015729,False,NEUTRAL
OPUSDT,2026-08-24 14:50:00+00:00,60.870034999999994,0.0,60.870034999999994,1,0.10783,60.870034999999994,False,NEUTRAL
OPUSDT,2026-08-24 15:18:00+00:00,1025.39209,1025.39209,0.0,1,0.11062,1025.39209,False,NEUTRAL
OPUSDT,2026-08-24 15:37:00+00:00,0.16331600000000002,0.0,0.16331600000000002,2,0.10888,0.16331600000000002,False,NEUTRAL
OPUSDT,2026-08-24 15:43:00+00:00,0.14031400000000002,0.0,0.14031400000000002,2,0.10792,0.14031400000000002,False,NEUTRAL
OPUSDT,2026-08-24 15:57:00+00:00,0.161025,0.0,0.161025,1,0.10735,0.161025,False,NEUTRAL
OPUSDT,2026-08-24 17:00:00+00:00,0.10721,0.0,0.10721,1,0.10721,0.10721,False,NEUTRAL
OPUSDT,2026-08-24 17:22:00+00:00,171.600525,0.0,171.600525,1,0.10575,171.600525,False,NEUTRAL
OPUSDT,2026-08-24 17:33:00+00:00,47.08422,0.0,47.08422,1,0.10557,47.08422,False,NEUTRAL
OPUSDT,2026-08-24 17:53:00+00:00,136.29417899999999,136.29417899999999,0.0,1,0.10799,136.29417899999999,False,NEUTRAL
POLUSDT,2026-08-24 13:28:00+00:00,15.62896,0.0,15.62896,1,0.11408,15.62896,False,NEUTRAL
POLUSDT,2026-08-24 13:32:00+00:00,272.93274,0.0,272.93274,1,0.11358,272.93274,False,NEUTRAL
POLUSDT,2026-08-24 13:33:00+00:00,1215.91455,0.0,1215.91455,1,0.11369,1215.91455,False,NEUTRAL
POLUSDT,2026-08-24 13:58:00+00:00,367.70824999999996,367.70824999999996,0.0,1,0.11545,367.70824999999996,False,NEUTRAL
POLUSDT,2026-08-24 14:36:00+00:00,168.76431,0.0,168.76431,1,0.11583,168.76431,False,NEUTRAL
POLUSDT,2026-08-24 14:56:00+00:00,593.7032800000001,593.7032800000001,0.0,1,0.11848,593.7032800000001,False,NEUTRAL
POLUSDT,2026-08-24 15:16:00+00:00,1479.94868,0.0,1479.94868,1,0.11501,1479.94868,False,NEUTRAL
POLUSDT,2026-08-24 16:44:00+00:00,1086.19424,0.0,1086.19424,2,0.11545,1086.19424,False,NEUTRAL
POLUSDT,2026-08-24 17:23:00+00:00,1147.1000000000001,0.0,1147.1000000000001,1,0.11471,1147.1000000000001,False,NEUTRAL
SOLUSDT,2026-08-24 13:30:00+00:00,104.87400000000001,0.0,104.87400000000001,1,95.34,104.87400000000001,False,NEUTRAL
SOLUSDT,2026-08-24 13:32:00+00:00,4867.852000000001,0.0,4867.852,7,95.21,4867.852000000001,False,NEUTRAL
SOLUSDT,2026-08-24 13:33:00+00:00,7009.525,0.0,7009.525,5,94.72,7009.525,False,NEUTRAL
SOLUSDT,2026-08-24 13:40:00+00:00,1742.088,0.0,1742.088,2,94.71000000000001,1742.088,False,NEUTRAL
SOLUSDT,2026-08-24 13:42:00+00:00,10472.485999999999,0.0,10472.485999999999,4,94.515,10472.485999999999,False,NEUTRAL
SOLUSDT,2026-08-24 13:43:00+00:00,56389.54,0.0,56389.54,7,94.25,56389.54,False,NEUTRAL
SOLUSDT,2026-08-24 13:45:00+00:00,2605.377,0.0,2605.377,3,94.1,2605.377,False,NEUTRAL
SOLUSDT,2026-08-24 13:46:00+00:00,52811.960999999996,0.0,52811.96099999999,7,93.94,52811.960999999996,False,NEUTRAL
SOLUSDT,2026-08-24 13:53:00+00:00,874.901,0.0,874.901,2,94.08,874.901,False,NEUTRAL
SOLUSDT,2026-08-24 14:10:00+00:00,11728.57,11728.57,0.0,1,95.9,11728.57,False,NEUTRAL
SOLUSDT,2026-08-24 14:11:00+00:00,4032.4200000000005,4032.4200000000005,0.0,2,96.01,4032.4200000000005,False,NEUTRAL
SOLUSDT,2026-08-24 14:14:00+00:00,19.226,19.226,0.0,1,96.13,19.226,False,NEUTRAL
SOLUSDT,2026-08-24 14:22:00+00:00,125.203,125.203,0.0,1,96.31,125.203,False,NEUTRAL
SOLUSDT,2026-08-24 14:23:00+00:00,28816.289,28816.289,0.0,3,96.57,28816.289,False,NEUTRAL
SOLUSDT,2026-08-24 14:30:00+00:00,86.841,86.841,0.0,1,96.49,86.841,False,NEUTRAL
SOLUSDT,2026-08-24 14:31:00+00:00,791.9559999999999,791.9559999999999,0.0,1,96.58,4032.4200000000005,False,NEUTRAL
SOLUSDT,2026-08-24 14:32:00+00:00,21987.906,21987.906,0.0,2,96.72,3318.8985000000002,False,NEUTRAL
SOLUSDT,2026-08-24 14:33:00+00:00,2217.999,2217.999,0.0,3,96.96,4032.4200000000005,False,NEUTRAL
SOLUSDT,2026-08-24 14:38:00+00:00,58.217999999999996,58.217999999999996,0.0,1,97.03,3318.8985000000002,False,NEUTRAL
SOLUSDT,2026-08-24 14:41:00+00:00,1777.923,1777.923,0.0,2,97.145,2605.377,False,NEUTRAL
SOLUSDT,2026-08-24 14:42:00+00:00,155.472,155.472,0.0,1,97.17,2411.688,False,NEUTRAL
SOLUSDT,2026-08-24 14:52:00+00:00,209.88000000000002,0.0,209.88000000000002,1,95.4,2411.688,False,NEUTRAL
SOLUSDT,2026-08-24 15:03:00+00:00,765.0740000000001,765.0740000000001,0.0,3,96.84,2217.999,False,NEUTRAL
SOLUSDT,2026-08-24 15:18:00+00:00,3276.426,3276.426,0.0,5,97.21,1997.9609999999998,False,NEUTRAL
SOLUSDT,2026-08-24 15:22:00+00:00,8610.418000000001,8610.418000000001,0.0,8,97.42,2217.999,False,NEUTRAL
SOLUSDT,2026-08-24 15:25:00+00:00,15869.836,15869.836,0.0,2,97.96000000000001,2940.9015,False,NEUTRAL
SOLUSDT,2026-08-24 15:27:00+00:00,98.04,98.04,0.0,1,98.04,3276.426,False,NEUTRAL
SOLUSDT,2026-08-24 15:38:00+00:00,2357.622,0.0,2357.622,2,96.225,2940.9015,False,NEUTRAL
SOLUSDT,2026-08-24 15:43:00+00:00,6706.552000000001,0.0,6706.552000000001,8,95.83,2940.9015,False,NEUTRAL
SOLUSDT,2026-08-24 15:56:00+00:00,38518.096,0.0,38518.096,1,95.84,2940.9015,False,NEUTRAL
SOLUSDT,2026-08-24 15:57:00+00:00,287.58,0.0,287.58,1,95.86,2940.9015,False,NEUTRAL
SOLUSDT,2026-08-24 16:03:00+00:00,797.6979999999999,797.698,0.0,3,97.33,2940.9015,False,NEUTRAL
SOLUSDT,2026-08-24 16:05:00+00:00,58.47,58.47,0.0,1,97.45,2481.4995,False,NEUTRAL
SOLUSDT,2026-08-24 16:07:00+00:00,1493.328,1493.328,0.0,2,97.575,2287.8104999999996,False,NEUTRAL
SOLUSDT,2026-08-24 16:18:00+00:00,4636.976000000001,4636.976,0.0,6,97.84,1997.9609999999998,False,NEUTRAL
SOLUSDT,2026-08-24 16:19:00+00:00,3289.776,3289.776,0.0,1,97.91,1997.9609999999998,False,NEUTRAL
SOLUSDT,2026-08-24 16:20:00+00:00,48.99,48.99,0.0,1,97.98,2287.8104999999996,False,NEUTRAL
SOLUSDT,2026-08-24 16:22:00+00:00,39.21600000000001,39.21600000000001,0.0,1,98.04,1997.9609999999998,False,NEUTRAL
SOLUSDT,2026-08-24 16:37:00+00:00,9.642000000000001,0.0,9.642000000000001,1,96.42,1635.6255,False,NEUTRAL
SOLUSDT,2026-08-24 16:49:00+00:00,19.208000000000002,0.0,19.208000000000002,1,96.04,1635.6255,False,NEUTRAL
SOLUSDT,2026-08-24 16:51:00+00:00,114.92399999999999,0.0,114.92399999999999,1,95.77,1635.6255,False,NEUTRAL
SOLUSDT,2026-08-24 16:52:00+00:00,1072.512,0.0,1072.512,1,95.76,1145.513,False,NEUTRAL
SOLUSDT,2026-08-24 17:06:00+00:00,28.889999999999997,28.889999999999997,0.0,1,96.3,1635.6255,False,NEUTRAL
SOLUSDT,2026-08-24 17:08:00+00:00,28.937999999999995,28.937999999999995,0.0,1,96.46,1635.6255,False,NEUTRAL
SOLUSDT,2026-08-24 17:15:00+00:00,1283.985,0.0,1283.985,1,95.11,1282.92,False,NEUTRAL
SOLUSDT,2026-08-24 17:16:00+00:00,331.94,0.0,331.94,1,94.84,1388.6565,False,NEUTRAL
SOLUSDT,2026-08-24 17:17:00+00:00,5873.08,5873.08,0.0,1,96.28,1178.2485,False,NEUTRAL
SOLUSDT,2026-08-24 17:21:00+00:00,2411.741,0.0,2411.741,2,94.935,1388.6565,False,NEUTRAL
SOLUSDT,2026-08-24 17:22:00+00:00,2935.061,0.0,2935.061,6,94.67,1925.475,False,NEUTRAL
SOLUSDT,2026-08-24 17:23:00+00:00,8365.473,0.0,8365.473,4,94.505,1925.475,False,NEUTRAL
SOLUSDT,2026-08-24 17:29:00+00:00,566.168,0.0,566.168,2,94.345,1925.475,False,NEUTRAL
SOLUSDT,2026-08-24 17:33:00+00:00,4740.386,0.0,4740.386,1,94.43,1388.6565,False,NEUTRAL
SOLUSDT,2026-08-24 17:34:00+00:00,103.92800000000001,0.0,103.92800000000001,1,94.48,1388.6565,False,NEUTRAL
SOLUSDT,2026-08-24 18:00:00+00:00,134.39999999999998,134.39999999999998,0.0,1,96.0,1178.2485,False,NEUTRAL
SOLUSDT,2026-08-24 18:02:00+00:00,537.939,537.939,0.0,3,96.06,1178.2485,False,NEUTRAL
SOLUSDT,2026-08-24 18:05:00+00:00,6961.044,6961.044,0.0,1,96.28,935.1049999999999,False,NEUTRAL
SUIUSDT,2026-08-24 13:33:00+00:00,837.5390000000001,0.0,837.5390000000001,2,0.81225,837.5390000000001,False,NEUTRAL
SUIUSDT,2026-08-24 13:42:00+00:00,646.794,0.0,646.794,2,0.80835,646.794,False,NEUTRAL
SUIUSDT,2026-08-24 13:43:00+00:00,4928.979,0.0,4928.979,2,0.80705,4928.979,False,NEUTRAL
SUIUSDT,2026-08-24 13:46:00+00:00,1704.3580000000002,0.0,1704.3580000000002,2,0.80355,1704.3580000000002,False,NEUTRAL
SUIUSDT,2026-08-24 14:50:00+00:00,11745.591,0.0,11745.591,1,0.8151,11745.591,False,NEUTRAL
SUIUSDT,2026-08-24 15:43:00+00:00,81.96,0.0,81.96,1,0.8196,81.96,False,NEUTRAL
SUIUSDT,2026-08-24 15:44:00+00:00,5974.607,0.0,5974.607,2,0.81585,5974.607,False,NEUTRAL
SUIUSDT,2026-08-24 16:54:00+00:00,48.744,0.0,48.744,1,0.8124,48.744,False,NEUTRAL
SUIUSDT,2026-08-24 17:01:00+00:00,2735.04,0.0,2735.04,2,0.80675,2735.04,False,NEUTRAL
SUIUSDT,2026-08-24 17:16:00+00:00,112.462,0.0,112.462,1,0.8033,112.462,False,NEUTRAL
SUIUSDT,2026-08-24 17:21:00+00:00,1153.2959999999998,0.0,1153.2959999999998,1,0.8009,1153.2959999999998,False,NEUTRAL
SUIUSDT,2026-08-24 17:23:00+00:00,182.689,0.0,182.689,1,0.7943,182.689,False,NEUTRAL
SUIUSDT,2026-08-24 17:29:00+00:00,8265.218,0.0,8265.218,2,0.7946500000000001,8265.218,False,NEUTRAL
SUIUSDT,2026-08-24 17:32:00+00:00,22985.592,0.0,22985.592,1,0.7959,22985.592,False,NEUTRAL
SUIUSDT,2026-08-24 17:35:00+00:00,6060.454,0.0,6060.454,3,0.7916,6060.454,False,NEUTRAL
XRPUSDT,2026-08-24 13:30:00+00:00,54653.48459,0.0,54653.48459,9,1.498,54653.48459,False,NEUTRAL
XRPUSDT,2026-08-24 13:32:00+00:00,1285.32887,0.0,1285.3288699999998,6,1.49095,1285.32887,False,NEUTRAL
XRPUSDT,2026-08-24 13:33:00+00:00,11705.38588,0.0,11705.385879999998,14,1.48495,11705.38588,False,NEUTRAL
XRPUSDT,2026-08-24 13:34:00+00:00,549.49714,549.49714,0.0,1,1.5121,549.49714,False,NEUTRAL
XRPUSDT,2026-08-24 13:39:00+00:00,1753.56401,0.0,1753.56401,3,1.4898,1753.56401,False,NEUTRAL
XRPUSDT,2026-08-24 13:42:00+00:00,15429.350249999998,0.0,15429.350249999998,4,1.4851,15429.350249999998,False,NEUTRAL
XRPUSDT,2026-08-24 13:43:00+00:00,26919.09412,0.0,26919.094119999998,6,1.47865,26919.09412,False,NEUTRAL
XRPUSDT,2026-08-24 13:45:00+00:00,9530.006940000001,0.0,9530.006940000001,4,1.4758499999999999,9530.006940000001,False,NEUTRAL
XRPUSDT,2026-08-24 13:46:00+00:00,2700.48165,0.0,2700.4816500000006,10,1.47285,2700.48165,False,NEUTRAL
XRPUSDT,2026-08-24 13:53:00+00:00,888.2268,24.287000000000003,863.9398,2,1.4821499999999999,888.2268,False,NEUTRAL
XRPUSDT,2026-08-24 14:00:00+00:00,6549.94144,6549.94144,0.0,1,1.5008,6549.94144,False,NEUTRAL
XRPUSDT,2026-08-24 14:01:00+00:00,8586.8245,8586.8245,0.0,1,1.5058,8586.8245,False,NEUTRAL
XRPUSDT,2026-08-24 14:11:00+00:00,913.6715200000001,913.6715200000001,0.0,1,1.5112,913.6715200000001,False,NEUTRAL
XRPUSDT,2026-08-24 14:14:00+00:00,98.04359999999998,98.04359999999998,0.0,2,1.51255,98.04359999999998,False,NEUTRAL
XRPUSDT,2026-08-24 14:16:00+00:00,56.475930000000005,56.475930000000005,0.0,2,1.5141,56.475930000000005,False,NEUTRAL
XRPUSDT,2026-08-24 14:23:00+00:00,9436.95367,880.15591,8556.797760000003,10,1.49185,2700.48165,False,NEUTRAL
XRPUSDT,2026-08-24 14:24:00+00:00,425.64268,0.0,425.64268,3,1.4846,4625.211545,False,NEUTRAL
XRPUSDT,2026-08-24 14:26:00+00:00,374.43451999999996,374.43451999999996,0.0,1,1.5086,2700.48165,False,NEUTRAL
XRPUSDT,2026-08-24 14:30:00+00:00,1794.6664600000001,1794.6664600000001,0.0,3,1.5188,2227.02283,False,NEUTRAL
XRPUSDT,2026-08-24 14:31:00+00:00,503.30047,503.30047,0.0,3,1.5251,1794.6664600000001,False,NEUTRAL
XRPUSDT,2026-08-24 14:33:00+00:00,2232.99645,2232.99645,0.0,3,1.5277,1774.1152350000002,False,NEUTRAL
XRPUSDT,2026-08-24 14:36:00+00:00,7867.6374000000005,7867.6374000000005,0.0,1,1.5274,1794.6664600000001,False,NEUTRAL
XRPUSDT,2026-08-24 14:48:00+00:00,4918.14182,0.0,4918.14182,3,1.5079,2466.73905,False,NEUTRAL
XRPUSDT,2026-08-24 14:50:00+00:00,18223.33539,0.0,18223.33539,2,1.50345,2700.48165,False,NEUTRAL
XRPUSDT,2026-08-24 14:52:00+00:00,28.184960000000004,0.0,28.184960000000004,1,1.4992,3809.311735,False,NEUTRAL
XRPUSDT,2026-08-24 15:02:00+00:00,119.96745,119.96745,0.0,1,1.5205,2700.48165,False,NEUTRAL
XRPUSDT,2026-08-24 15:03:00+00:00,6937.85444,6937.85444,0.0,4,1.52335,2466.73905,False,NEUTRAL
XRPUSDT,2026-08-24 15:11:00+00:00,18.84375,0.0,18.84375,1,1.5075,2700.48165,False,NEUTRAL
XRPUSDT,2026-08-24 15:17:00+00:00,7.94144,7.94144,0.0,1,1.5272,2466.73905,False,NEUTRAL
XRPUSDT,2026-08-24 15:22:00+00:00,919.15506,919.15506,0.0,2,1.5291000000000001,2013.831455,False,NEUTRAL
XRPUSDT,2026-08-24 15:23:00+00:00,26.190360000000002,26.190360000000002,0.0,1,1.5316,2013.831455,False,NEUTRAL
XRPUSDT,2026-08-24 15:25:00+00:00,10239.59468,10239.59468,0.0,1,1.5337,1774.1152350000002,False,NEUTRAL
XRPUSDT,2026-08-24 15:34:00+00:00,331.14949,0.0,331.14949,2,1.5098,2013.831455,False,NEUTRAL
XRPUSDT,2026-08-24 15:37:00+00:00,38.04108,0.0,38.04108,1,1.5036,2013.831455,False,NEUTRAL
XRPUSDT,2026-08-24 15:52:00+00:00,2987.4654199999995,0.0,2987.4654199999995,1,1.4909,1356.9107600000002,False,NEUTRAL
XRPUSDT,2026-08-24 15:54:00+00:00,17.695079999999997,17.695079999999997,0.0,1,1.5124,1356.9107600000002,False,NEUTRAL
XRPUSDT,2026-08-24 16:06:00+00:00,376.72844000000003,376.72844000000003,0.0,1,1.5154,1356.9107600000002,False,NEUTRAL
XRPUSDT,2026-08-24 16:07:00+00:00,11581.80751,11581.80751,0.0,1,1.5211,916.4132900000001,False,NEUTRAL
XRPUSDT,2026-08-24 16:17:00+00:00,13.098659999999999,13.098659999999999,0.0,1,1.5231,916.4132900000001,False,NEUTRAL
XRPUSDT,2026-08-24 16:18:00+00:00,87.36153000000002,87.36153000000002,0.0,2,1.5244,711.2277650000001,False,NEUTRAL
XRPUSDT,2026-08-24 16:22:00+00:00,382.175,382.175,0.0,1,1.5287,711.2277650000001,False,NEUTRAL
XRPUSDT,2026-08-24 16:37:00+00:00,60.14,0.0,60.14,1,1.5035,711.2277650000001,False,NEUTRAL
XRPUSDT,2026-08-24 16:40:00+00:00,36.91014,0.0,36.91014,2,1.5003,464.47157500000003,False,NEUTRAL
XRPUSDT,2026-08-24 16:42:00+00:00,282.4832,282.4832,0.0,1,1.522,442.73773500000004,False,NEUTRAL
XRPUSDT,2026-08-24 16:46:00+00:00,9.0132,0.0,9.0132,1,1.5022,442.73773500000004,False,NEUTRAL
XRPUSDT,2026-08-24 16:51:00+00:00,5.2528,0.0,5.2528,1,1.5008,379.45172,False,NEUTRAL
XRPUSDT,2026-08-24 16:55:00+00:00,2737.98096,0.0,2737.98096,1,1.4916,353.93896500000005,False,NEUTRAL
XRPUSDT,2026-08-24 17:01:00+00:00,232.66278,1.34748,231.3153,3,1.4814,353.93896500000005,False,NEUTRAL
XRPUSDT,2026-08-24 17:10:00+00:00,11643.45482,11643.45482,0.0,1,1.5082,306.816345,False,NEUTRAL
XRPUSDT,2026-08-24 17:16:00+00:00,1239.86916,0.0,1239.86916,5,1.4742,353.93896500000005,False,NEUTRAL
XRPUSDT,2026-08-24 17:20:00+00:00,35.801190000000005,0.0,35.801190000000005,1,1.4733,379.45172,False,NEUTRAL
XRPUSDT,2026-08-24 17:34:00+00:00,49.894380000000005,0.0,49.894380000000005,1,1.4589,1470.46897,False,NEUTRAL
XRPUSDT,2026-08-24 17:36:00+00:00,368.67184000000003,368.67184000000003,0.0,1,1.4818,1470.46897,False,NEUTRAL
XRPUSDT,2026-08-24 17:40:00+00:00,53.90364000000001,53.90364000000001,0.0,2,1.48495,1470.46897,False,NEUTRAL
XRPUSDT,2026-08-24 17:41:00+00:00,400.29632999999995,0.0,400.29632999999995,1,1.4679,811.02208,False,NEUTRAL
XRPUSDT,2026-08-24 17:44:00+00:00,514.55735,0.0,514.55735,2,1.46415,391.235665,False,NEUTRAL
XRPUSDT,2026-08-24 18:01:00+00:00,16524.10998,16524.10998,0.0,1,1.4889,391.235665,False,NEUTRAL
XRPUSDT,2026-08-24 18:02:00+00:00,595.8000000000001,595.8000000000001,0.0,1,1.4895,457.42683999999997,False,NEUTRAL
